invoice,company,purchase_date,product,quantity,price,total
ZN-870-29,Realcube,2019-03-05,shirt,19,17,323
JQ-501-63,Zooxo,2019-07-09,book,30,14,420
FI-165-58,Dabtype,2019-08-12,poster,7,23,161
XP-005-55,Skipfire,2019-11-18,pen,7,29,203
NB-917-18,Bluezoom,2019-04-18,poster,36,19,684
MI-696-11,Zooveo,2019-10-17,pen,-1,30,-30
MQ-907-02,Babbleset,2019-10-27,poster,30,21,630
NX-102-26,Fliptune,2019-10-16,book,40,28,1120
LE-516-00,Buzzbean,2019-06-17,poster,-3,16,-48
VD-518-20,Dabshots,2019-03-12,shirt,19,28,532
OS-688-56,Fiveclub,2019-01-25,book,39,22,858
KI-908-67,Zoonoodle,2019-03-10,pen,23,28,644
WX-453-38,Kwinu,2019-04-22,poster,47,32,1504
YT-578-78,Skinder,2019-08-30,book,9,15,135
MX-273-97,Mydeo,2019-01-27,poster,5,18,90
QU-938-44,Quaxo,2019-08-14,pen,6,32,192
IG-811-84,Yadel,2019-11-15,book,46,28,1288
MD-039-64,Wordtune,2019-04-11,book,19,22,418
LY-870-14,Thoughtworks,2019-10-11,shirt,42,21,882
JU-472-72,Babbleblab,2019-10-23,shirt,-1,13,-13
TA-015-15,Zoombeat,2019-09-09,shirt,34,29,986
BP-202-64,Dablist,2019-02-25,shirt,43,28,1204
ZH-884-12,Realbridge,2019-07-11,shirt,39,35,1365
NE-854-88,Realbuzz,2019-05-08,poster,11,14,154
BB-457-52,Mynte,2019-11-25,pen,3,25,75
FB-658-05,Thoughtbridge,2019-11-24,pen,44,26,1144
TY-634-38,Wikizz,2019-07-18,poster,48,29,1392
BS-100-95,DabZ,2019-01-23,pen,2,26,52
VV-008-72,Thoughtbridge,2019-06-18,shirt,48,12,576
LI-757-78,Youspan,2019-04-26,pen,48,31,1488
TM-950-00,Thoughtstorm,2019-06-05,poster,45,34,1530
AI-227-17,Camimbo,2019-04-14,pen,12,33,396
MX-599-18,Vimbo,2019-12-12,book,36,33,1188
NN-163-23,Skyble,2019-12-27,pen,45,12,540
FP-453-25,Zava,2019-12-05,poster,0,13,0
PY-760-83,Devpoint,2019-10-07,shirt,-5,19,-95
DW-153-38,Vidoo,2019-06-14,shirt,9,31,279
RJ-236-14,Quaxo,2019-01-02,book,14,27,378
MB-939-69,Tanoodle,2019-02-26,book,14,10,140
KP-711-19,Devshare,2019-08-10,book,-4,17,-68
KM-281-70,Jaxspan,2019-01-07,poster,4,21,84
TM-473-16,Voomm,2019-06-15,poster,42,31,1302
RS-429-54,Yakijo,2019-07-24,pen,-1,33,-33
WR-937-10,Dablist,2019-08-06,pen,29,34,986
JU-292-34,Trunyx,2019-05-26,poster,10,25,250
PS-680-56,Katz,2019-05-24,poster,36,35,1260
MU-441-94,Yakitri,2019-06-11,shirt,50,15,750
RR-924-58,Abatz,2019-05-20,book,-4,10,-40
NM-907-40,Mybuzz,2019-11-29,poster,11,26,286
ED-259-29,Aimbo,2019-06-28,pen,-4,33,-132
MZ-940-89,Wikizz,2019-11-22,shirt,13,23,299
MM-603-72,Snaptags,2019-11-14,book,13,25,325
DE-101-33,Geba,2019-07-10,shirt,50,10,500
AR-913-16,Zooxo,2019-01-24,shirt,44,22,968
SI-328-34,Babbleblab,2019-12-13,shirt,3,34,102
RR-320-31,Geba,2019-10-18,pen,17,21,357
CR-304-64,Tagcat,2019-07-24,poster,33,13,429
JF-213-00,Centimia,2019-12-22,pen,6,17,102
SN-985-89,Babbleset,2019-04-16,book,46,22,1012
UY-735-50,Divape,2019-08-10,poster,33,17,561
WY-375-84,Avamm,2019-01-14,poster,-4,17,-68
CV-633-94,Realmix,2019-08-28,shirt,23,10,230
TE-351-03,Zoombox,2019-05-03,book,44,20,880
IF-093-03,Gabspot,2019-10-22,poster,22,28,616
ER-182-26,Pixope,2019-09-12,pen,14,33,462
TB-402-04,Dynabox,2019-06-26,shirt,9,14,126
MJ-165-16,Avamm,2019-02-08,book,20,30,600
DB-217-08,Dynabox,2019-11-17,book,17,26,442
AV-534-17,Browsezoom,2019-12-05,shirt,17,23,391
XN-735-40,Voomm,2019-09-08,book,46,23,1058
LP-385-34,Gabcube,2019-05-09,book,43,23,989
ZP-289-77,Bubblebox,2019-10-19,poster,14,29,406
PZ-984-82,Wikido,2019-04-06,shirt,16,35,560
UP-669-91,Skiba,2019-01-05,shirt,19,21,399
RS-692-58,Plajo,2019-11-03,shirt,4,17,68
DG-182-79,Youbridge,2019-03-10,poster,7,25,175
KS-847-13,Thoughtsphere,2019-03-12,pen,41,10,410
TL-625-84,Snaptags,2019-11-02,book,28,33,924
CW-186-72,Trupe,2019-03-04,pen,28,22,616
LR-011-95,Tekfly,2019-03-15,poster,36,13,468
PO-704-16,Thoughtblab,2019-12-25,pen,22,21,462
ZY-290-42,Devify,2019-03-15,poster,37,26,962
TT-950-12,Yozio,2019-06-29,pen,41,15,615
AI-879-30,Divanoodle,2019-01-14,shirt,4,26,104
OA-131-42,Podcat,2019-02-23,pen,34,18,612
FX-072-66,Camido,2019-02-20,pen,-4,23,-92
QI-509-04,Skimia,2019-11-07,shirt,36,20,720
SZ-915-85,Skyvu,2019-07-02,pen,4,23,92
ZL-646-43,Photobug,2019-02-20,shirt,39,20,780
KN-509-22,Izio,2019-03-10,pen,32,10,320
KP-248-61,Fanoodle,2019-05-08,shirt,-4,21,-84
MY-548-03,Centidel,2019-03-07,pen,50,15,750
WE-053-73,Topiclounge,2019-08-05,pen,28,28,784
CV-889-94,Minyx,2019-02-26,pen,15,18,270
CJ-655-44,Talane,2019-05-30,book,14,29,406
RV-360-79,Cogilith,2019-08-09,poster,4,22,88
ZB-053-17,Trudoo,2019-02-14,book,34,10,340
ES-318-81,Lajo,2019-12-20,poster,7,32,224
SL-291-57,Realblab,2019-10-13,pen,40,18,720
DB-742-27,Skaboo,2019-08-02,shirt,30,26,780
HR-647-89,Rhyloo,2019-01-24,poster,4,21,84
AX-670-76,Blogpad,2019-02-16,book,29,33,957
OO-304-09,Skipstorm,2019-06-14,shirt,18,17,306
IJ-252-99,Dabfeed,2019-10-19,pen,27,33,891
TO-796-54,Brainbox,2019-08-29,book,42,34,1428
JE-407-05,Topicware,2019-08-22,pen,38,35,1330
EB-328-39,Trilith,2019-06-05,shirt,45,28,1260
JC-240-70,Npath,2019-06-10,shirt,20,35,700
HG-648-08,Vidoo,2019-08-31,pen,25,26,650
CF-693-27,Wordpedia,2019-09-09,poster,30,21,630
BS-828-38,Centidel,2019-03-23,book,25,22,550
PI-600-10,Camido,2019-04-18,shirt,11,15,165
XG-477-13,Meejo,2019-04-27,book,43,28,1204
LM-781-59,Tagopia,2019-02-06,poster,31,18,558
JZ-333-92,Browsedrive,2019-10-23,book,45,27,1215
ZW-192-94,Thoughtsphere,2019-12-11,shirt,5,24,120
YM-591-24,Yoveo,2019-05-24,book,24,19,456
FU-635-45,Twiyo,2019-12-23,poster,5,35,175
TN-164-49,Eimbee,2019-12-04,book,0,25,0
FD-155-38,Podcat,2019-07-20,pen,7,26,182
RW-038-96,Rhynyx,2019-06-25,poster,-3,23,-69
VM-450-11,Zoombeat,2019-12-26,shirt,31,13,403
PR-081-38,Demizz,2019-07-03,book,19,26,494
JW-273-60,Zooveo,2019-07-13,pen,13,11,143
LN-031-93,Jaxworks,2019-10-22,pen,26,24,624
WW-087-46,Flipstorm,2019-01-29,pen,35,18,630
LO-315-39,Innotype,2019-12-17,book,33,19,627
SZ-476-27,Eidel,2019-08-23,book,22,21,462
EB-865-10,Mycat,2019-07-25,shirt,19,13,247
CA-333-77,Yoveo,2019-08-06,pen,39,32,1248
KJ-326-51,Wikizz,2019-10-16,poster,5,34,170
UM-545-08,Brainlounge,2019-03-17,pen,0,35,0
VT-147-67,Jamia,2019-01-03,shirt,24,16,384
RU-344-61,Gabtune,2019-09-03,poster,48,28,1344
FW-840-53,Livetube,2019-02-22,book,-4,22,-88
UY-056-46,Zoomdog,2019-11-28,shirt,14,19,266
WG-874-79,Mymm,2019-09-23,pen,29,21,609
DL-500-76,InnoZ,2019-08-11,book,19,17,323
OM-258-10,Yata,2019-05-29,book,49,31,1519
WS-064-95,Livetube,2019-10-14,pen,22,20,440
QS-753-41,Gigazoom,2019-08-28,shirt,41,11,451
WK-994-15,Tagpad,2019-05-17,shirt,30,14,420
UP-570-38,Jabbercube,2019-12-18,shirt,24,31,744
YI-528-13,Dynabox,2019-05-05,pen,2,31,62
GZ-995-78,Zoonoodle,2019-10-03,shirt,14,22,308
CY-372-05,Skyvu,2019-08-28,pen,15,27,405
PQ-740-30,Mita,2019-12-09,pen,-2,31,-62
DD-299-48,Skippad,2019-02-08,book,38,13,494
UE-108-04,Yodo,2019-11-24,book,29,27,783
QK-333-68,Twitternation,2019-07-27,poster,18,27,486
NU-680-77,Tagpad,2019-04-10,shirt,31,23,713
KF-097-79,Roodel,2019-11-03,poster,12,23,276
QR-881-10,Blogpad,2019-12-04,book,2,13,26
KW-456-55,Realbuzz,2019-05-21,poster,38,22,836
DT-437-56,Kwideo,2019-01-03,poster,31,13,403
AI-357-94,LiveZ,2019-05-05,poster,-1,28,-28
AG-521-48,Tagfeed,2019-11-12,poster,33,32,1056
AJ-708-80,Feednation,2019-11-16,pen,8,28,224
ZH-698-84,Tagopia,2019-07-31,poster,19,28,532
VQ-174-56,Avaveo,2019-08-02,shirt,30,16,480
WX-442-99,Jazzy,2019-07-03,shirt,18,20,360
QO-264-78,Feednation,2019-06-30,shirt,13,31,403
TB-540-65,Skippad,2019-05-09,shirt,4,33,132
QN-572-88,Livepath,2019-07-08,book,29,28,812
PP-815-62,Oozz,2019-01-13,book,27,19,513
YH-704-85,Skiba,2019-08-14,shirt,40,21,840
IR-867-25,Avaveo,2019-09-17,book,13,30,390
WF-759-56,Blogspan,2019-06-22,pen,41,11,451
PE-776-25,Skyble,2019-10-11,book,40,20,800
SO-689-13,Podcat,2019-08-20,shirt,32,29,928
BS-287-35,Browseblab,2019-12-03,shirt,24,11,264
LN-884-06,Janyx,2019-07-08,shirt,3,15,45
TR-190-91,Reallinks,2019-06-08,shirt,33,21,693
ZQ-002-47,Flashdog,2019-05-05,pen,33,25,825
VS-841-31,Feedfish,2019-08-12,shirt,14,16,224
BZ-173-78,Chatterbridge,2019-06-06,poster,38,31,1178
RQ-454-85,Minyx,2019-07-27,shirt,28,29,812
YQ-016-19,Skipstorm,2019-10-21,shirt,36,29,1044
SJ-203-58,Gabtype,2019-03-29,shirt,-1,20,-20
EW-214-77,Jabbercube,2019-07-26,poster,16,35,560
CH-159-94,Voomm,2019-11-29,shirt,22,30,660
BZ-383-76,Dabshots,2019-03-14,shirt,40,35,1400
DJ-386-56,Aimbu,2019-12-07,book,4,23,92
QI-773-53,Babbleblab,2019-05-20,shirt,1,11,11
LE-342-81,Thoughtstorm,2019-04-03,pen,40,28,1120
QV-253-53,JumpXS,2019-09-05,shirt,16,35,560
CM-205-86,Viva,2019-05-19,book,8,14,112
ZD-266-65,Yotz,2019-01-09,shirt,44,12,528
DN-793-36,Ailane,2019-07-04,poster,0,29,0
TL-205-79,Vitz,2019-09-27,shirt,34,28,952
YN-055-20,Skyvu,2019-11-17,pen,32,11,352
UG-665-42,Photobug,2019-09-27,poster,35,14,490
WP-992-27,Vipe,2019-09-15,poster,17,19,323
VH-932-36,Tagpad,2019-02-27,shirt,27,27,729
CP-917-92,Kamba,2019-11-13,book,41,16,656
PB-125-79,Tazz,2019-07-13,book,25,26,650
SG-896-21,Quamba,2019-08-06,pen,29,17,493
ZP-902-69,Shufflester,2019-09-20,book,40,28,1120
XD-029-01,Blogspan,2019-04-24,book,29,33,957
XH-323-59,Fivespan,2019-01-10,poster,11,28,308
TL-082-12,Realblab,2019-08-22,shirt,2,30,60
SE-133-10,Eire,2019-02-17,pen,14,20,280
DL-303-27,Twitterbridge,2019-04-22,pen,10,29,290
EY-935-35,Blogtag,2019-04-18,shirt,41,24,984
QW-072-27,Mymm,2019-09-27,shirt,44,20,880
YC-718-19,Edgepulse,2019-04-04,pen,42,19,798
GV-236-09,Linkbuzz,2019-06-25,poster,49,18,882
UK-990-78,Jaxworks,2019-11-16,poster,19,10,190
HE-014-99,Yakijo,2019-08-21,poster,12,15,180
FY-727-92,Aimbu,2019-04-17,book,12,10,120
ZP-161-41,Wordpedia,2019-01-07,book,14,22,308
CR-141-31,Feedmix,2019-09-30,shirt,-2,29,-58
TM-602-80,Tagcat,2019-12-19,book,27,13,351
VT-004-06,Thoughtstorm,2019-10-25,pen,1,23,23
AY-563-53,Skyndu,2019-09-04,pen,27,13,351
GV-281-12,Vipe,2019-12-29,book,50,16,800
AJ-447-37,Eabox,2019-10-30,shirt,6,20,120
AG-912-98,Cogilith,2019-03-24,pen,20,17,340
AK-956-01,Devbug,2019-05-05,shirt,1,28,28
JN-987-45,Voolith,2019-06-04,pen,44,28,1232
EQ-987-66,Jatri,2019-07-26,book,47,23,1081
AM-878-94,Eamia,2019-04-10,shirt,37,35,1295
SZ-563-27,Youspan,2019-05-06,pen,12,32,384
BL-212-51,Meezzy,2019-03-04,pen,37,10,370
TK-463-25,Dablist,2019-02-14,pen,8,13,104
PL-227-27,Rhyzio,2019-10-08,poster,1,33,33
VG-439-95,Browsedrive,2019-08-23,poster,16,29,464
SP-641-11,Topicware,2019-10-20,poster,17,29,493
YM-270-30,Yakidoo,2019-12-26,book,49,11,539
XN-443-90,Blogspan,2019-07-18,shirt,10,35,350
LM-679-57,Oyonder,2019-08-19,shirt,38,29,1102
UH-122-53,Thoughtbeat,2019-11-02,poster,15,14,210
CR-358-78,Twitterbeat,2019-09-01,poster,15,11,165
PU-338-39,Lazzy,2019-10-10,poster,34,27,918
ZK-911-48,Realcube,2019-01-31,book,33,35,1155
WA-012-30,Oyope,2019-08-18,poster,14,26,364
WC-981-80,Rhyloo,2019-06-15,pen,7,31,217
QF-611-77,Talane,2019-09-12,shirt,45,15,675
FV-407-06,Browsedrive,2019-05-28,pen,8,34,272
JH-139-16,Jayo,2019-08-11,book,34,33,1122
KE-422-78,Janyx,2019-04-25,pen,1,35,35
MX-855-94,Eimbee,2019-07-18,shirt,0,19,0
MC-238-97,Wikibox,2019-12-12,pen,41,33,1353
PA-747-56,Babblestorm,2019-03-07,pen,27,11,297
JK-209-15,Devify,2019-07-27,book,49,27,1323
OT-676-81,Feedspan,2019-04-13,shirt,38,16,608
KL-211-69,Avamba,2019-02-14,book,15,11,165
VG-417-99,Voomm,2019-06-03,poster,-3,27,-81
LZ-428-00,Photojam,2019-11-22,book,0,25,0
KP-727-60,Pixope,2019-02-01,shirt,23,17,391
OI-322-85,Photojam,2019-01-12,book,23,23,529
HQ-295-34,Twinte,2019-11-25,poster,4,10,40
JN-830-72,Jaxnation,2019-07-16,book,23,20,460
JO-309-56,Brainsphere,2019-11-28,pen,42,12,504
AN-400-92,Miboo,2019-07-20,shirt,49,17,833
QL-326-05,Tagpad,2019-04-15,shirt,26,14,364
UO-535-06,Ntags,2019-12-28,shirt,22,33,726
YJ-293-01,Vidoo,2019-09-05,poster,21,15,315
QU-025-64,Dynava,2019-04-13,book,13,26,338
TJ-060-91,Twitterbridge,2019-04-15,pen,23,10,230
XW-695-51,Bluezoom,2019-01-31,shirt,15,32,480
SP-286-24,Browsebug,2019-03-27,poster,18,13,234
HE-540-09,Rhyzio,2019-10-22,shirt,34,29,986
ZF-770-75,Podcat,2019-05-24,pen,34,29,986
WM-993-98,Pixope,2019-12-24,pen,-3,32,-96
DN-258-26,Kwideo,2019-10-29,pen,29,24,696
FU-885-85,Yakijo,2019-03-13,poster,42,26,1092
GX-533-50,Feedspan,2019-07-04,shirt,7,25,175
LR-007-82,Realfire,2019-10-14,poster,-4,20,-80
YG-293-18,Babbleset,2019-02-08,poster,36,31,1116
KE-882-79,Livetube,2019-10-16,poster,4,29,116
OI-793-64,Voomm,2019-10-24,poster,40,33,1320
CP-228-84,Bubblemix,2019-10-22,poster,10,14,140
AG-674-11,Quimm,2019-03-19,book,29,15,435
HQ-130-40,Brightbean,2019-01-25,shirt,18,10,180
VT-339-54,Avavee,2019-06-10,shirt,-5,30,-150
WA-260-28,Linktype,2019-09-17,poster,20,22,440
LJ-376-96,Twinte,2019-01-26,poster,43,19,817
GN-914-57,Devify,2019-06-20,pen,3,31,93
YP-819-79,Blogpad,2019-02-24,pen,16,15,240
ZG-774-39,Jabberstorm,2019-05-17,shirt,10,16,160
UA-626-32,Muxo,2019-05-16,poster,22,16,352
RQ-872-92,Skyble,2019-02-20,poster,24,24,576
KI-870-59,Voolia,2019-04-03,pen,23,12,276
BS-325-45,Aibox,2019-11-28,pen,46,18,828
LP-170-73,Skinder,2019-06-04,shirt,49,35,1715
HL-794-02,Dabshots,2019-06-30,pen,19,30,570
HN-218-60,Meevee,2019-08-18,pen,20,14,280
LU-196-03,Chatterpoint,2019-12-22,book,-5,15,-75
QZ-725-48,Twinte,2019-12-18,poster,4,22,88
AS-063-64,Flipstorm,2019-07-13,book,-4,14,-56
NJ-861-71,Jayo,2019-11-14,pen,27,31,837
QW-874-18,Skilith,2019-09-16,poster,1,14,14
IU-302-54,Eidel,2019-07-17,pen,2,23,46
AE-211-87,Jabberbean,2019-11-04,pen,20,31,620
WU-236-33,Trudoo,2019-02-13,book,-1,19,-19
RT-758-02,Mynte,2019-12-11,pen,26,30,780
AY-467-12,Jabbersphere,2019-04-27,poster,8,12,96
WJ-174-18,Jaxnation,2019-05-03,book,36,32,1152
XK-442-81,Cogidoo,2019-04-25,pen,22,25,550
KY-118-03,Quinu,2019-11-23,pen,28,33,924
AT-484-47,Topicblab,2019-04-17,shirt,47,12,564
FB-627-20,Fivespan,2019-02-14,book,9,22,198
PE-226-53,Gabvine,2019-11-22,book,19,18,342
KP-224-87,Wikibox,2019-06-10,pen,0,14,0
UH-755-52,Yakitri,2019-10-04,pen,28,25,700
MY-344-18,Mymm,2019-07-17,poster,27,18,486
AJ-330-70,Mynte,2019-12-06,poster,-2,31,-62
TH-474-25,Jayo,2019-02-21,pen,-2,16,-32
RZ-173-00,Roodel,2019-04-19,poster,9,26,234
UV-439-87,Thoughtstorm,2019-06-24,book,14,24,336
DH-677-77,Meedoo,2019-07-18,book,15,30,450
MX-795-31,Trilia,2019-03-03,shirt,-2,26,-52
AR-682-36,JumpXS,2019-10-12,book,15,35,525
SW-232-88,Bubblebox,2019-09-11,pen,50,29,1450
WV-282-91,Skimia,2019-07-24,book,7,23,161
WN-847-10,Mycat,2019-12-19,poster,6,12,72
KZ-193-29,Wordpedia,2019-11-18,poster,40,31,1240
KA-533-92,Skyble,2019-05-27,poster,1,27,27
OR-475-17,Trupe,2019-01-25,shirt,11,18,198
CT-341-29,Photofeed,2019-05-14,pen,44,10,440
GW-204-64,Twitterbridge,2019-07-01,book,40,26,1040
CT-430-54,Livetube,2019-05-18,pen,6,10,60
DK-960-34,Bluejam,2019-01-27,pen,11,23,253
RE-977-90,Livefish,2019-02-02,shirt,39,11,429
DW-972-91,Linktype,2019-11-05,pen,36,11,396
EY-555-15,Realbuzz,2019-04-18,shirt,0,12,0
SN-995-91,Twitterbridge,2019-06-22,poster,-3,14,-42
EM-347-15,Blogspan,2019-02-04,shirt,19,14,266
WI-973-18,Flashdog,2019-06-12,book,-1,12,-12
TS-193-22,Yadel,2019-10-12,poster,50,22,1100
YR-630-09,Cogidoo,2019-03-31,poster,42,26,1092
LA-912-44,Photobug,2019-06-01,pen,16,34,544
AU-875-33,Yodel,2019-04-11,shirt,21,25,525
EZ-443-34,Voonix,2019-04-07,pen,-4,20,-80
VY-216-44,Muxo,2019-09-03,book,2,21,42
KE-026-15,Jaloo,2019-08-23,pen,33,21,693
YN-127-03,Blogspan,2019-12-28,book,32,21,672
EP-683-72,Npath,2019-11-22,book,1,15,15
VL-648-16,Dynazzy,2019-04-29,book,-5,26,-130
NA-808-08,Zava,2019-06-16,poster,11,17,187
YC-797-81,Abatz,2019-05-12,poster,39,32,1248
YT-478-09,Teklist,2019-05-13,shirt,36,17,612
YJ-431-85,Plajo,2019-02-18,pen,2,31,62
XU-814-71,Zazio,2019-04-30,poster,19,12,228
FB-610-67,Dablist,2019-03-12,shirt,49,11,539
CM-823-70,Demimbu,2019-06-10,pen,18,32,576
BC-808-05,Kwimbee,2019-07-28,poster,38,18,684
NI-173-27,Realbridge,2019-09-19,shirt,45,33,1485
FY-707-10,Youspan,2019-07-17,poster,-4,16,-64
UX-410-59,Avamm,2019-03-22,poster,0,22,0
NP-109-42,Topicshots,2019-01-17,poster,-3,27,-81
MZ-296-23,Lajo,2019-05-15,shirt,9,15,135
CB-800-77,Thoughtworks,2019-08-20,book,1,11,11
BQ-213-85,Quinu,2019-08-24,shirt,13,33,429
SO-164-21,Dabshots,2019-08-13,shirt,47,33,1551
GL-586-71,Eimbee,2019-07-15,shirt,41,31,1271
XN-863-12,Nlounge,2019-07-17,pen,9,15,135
SB-910-97,Bubblemix,2019-08-09,book,41,16,656
HL-810-08,Skibox,2019-08-30,book,36,16,576
AZ-551-35,Youtags,2019-07-03,poster,21,30,630
JH-388-96,Skynoodle,2019-06-05,shirt,11,31,341
LY-273-84,Jamia,2019-12-17,poster,50,34,1700
SD-173-61,Minyx,2019-01-02,pen,19,35,665
AY-333-04,Camido,2019-02-18,book,31,33,1023
VT-560-12,Dabjam,2019-01-20,shirt,2,33,66
LA-193-59,Skivee,2019-03-28,pen,50,34,1700
VS-258-70,Devshare,2019-11-09,shirt,18,29,522
AK-440-43,Kwideo,2019-09-20,book,46,10,460
CR-906-19,Twiyo,2019-12-10,shirt,49,22,1078
BP-271-40,Wikizz,2019-11-26,pen,7,18,126
SZ-761-25,Wikizz,2019-03-17,pen,35,10,350
BG-418-63,Skyndu,2019-08-27,pen,28,16,448
BM-168-90,Einti,2019-11-30,shirt,14,25,350
QF-518-77,Gabvine,2019-01-04,book,2,10,20
WB-742-15,Youspan,2019-03-17,pen,12,15,180
XH-954-55,Buzzdog,2019-04-02,shirt,-2,30,-60
OJ-021-51,Podcat,2019-06-09,book,29,30,870
SS-029-10,Eimbee,2019-10-21,pen,28,26,728
BU-248-59,Eire,2019-01-31,book,14,22,308
HV-759-85,Skimia,2019-12-15,poster,-2,10,-20
CY-751-25,Kwinu,2019-02-09,shirt,6,26,156
NP-764-96,Tambee,2019-02-02,poster,23,11,253
IZ-366-43,Edgeblab,2019-09-04,book,41,22,902
TZ-924-79,Kwinu,2019-01-25,shirt,1,28,28
DO-468-93,Zazio,2019-01-11,pen,8,16,128
YZ-831-78,Topicware,2019-11-04,pen,48,18,864
BK-620-00,Dynabox,2019-07-05,poster,30,30,900
GO-471-69,Oba,2019-04-16,shirt,45,15,675
FD-173-97,Fivechat,2019-04-03,shirt,29,17,493
FN-398-85,Zazio,2019-12-23,poster,11,28,308
NN-658-84,Latz,2019-11-15,pen,10,24,240
QA-399-98,Edgeify,2019-06-10,poster,10,32,320
HK-726-51,Thoughtstorm,2019-01-06,pen,43,32,1376
AY-122-56,Youtags,2019-01-01,poster,15,20,300
PH-095-04,Feedbug,2019-01-04,poster,43,25,1075
WJ-189-51,Zooxo,2019-10-16,shirt,41,10,410
OA-802-93,Demivee,2019-05-20,pen,8,29,232
TA-170-70,Avavee,2019-09-10,pen,32,17,544
EX-901-79,Yacero,2019-07-27,pen,24,16,384
EN-495-53,Zoozzy,2019-04-18,pen,31,17,527
OQ-990-17,Photofeed,2019-06-30,book,17,19,323
CX-734-52,Dynabox,2019-01-08,poster,-2,35,-70
OC-481-02,Youopia,2019-10-21,shirt,-1,21,-21
VC-793-66,Yata,2019-06-18,shirt,7,23,161
QN-588-21,Shufflester,2019-04-30,pen,34,15,510
ZP-988-31,Oloo,2019-06-27,pen,17,31,527
CM-207-16,Brainlounge,2019-04-01,shirt,50,24,1200
QP-172-12,Mymm,2019-09-19,pen,33,28,924
QZ-344-12,Zoomlounge,2019-10-04,pen,24,18,432
YA-447-74,Skalith,2019-04-24,poster,31,20,620
PA-616-11,Shufflester,2019-02-10,shirt,38,23,874
ZA-198-81,Kare,2019-05-21,shirt,36,28,1008
FZ-397-85,Jetwire,2019-07-13,poster,6,15,90
BW-353-36,Quire,2019-09-29,shirt,31,30,930
AT-742-05,Buzzshare,2019-02-02,poster,16,31,496
BL-267-48,Quinu,2019-07-19,poster,38,19,722
CW-988-24,Meembee,2019-04-18,pen,50,33,1650
AJ-540-93,Tekfly,2019-12-14,shirt,18,27,486
BS-538-95,Mudo,2019-02-14,shirt,7,23,161
XE-106-23,Skyvu,2019-08-23,shirt,38,30,1140
NE-328-94,Cogilith,2019-02-21,poster,25,30,750
NX-848-12,Babbleset,2019-12-18,pen,20,35,700
YA-894-03,Youspan,2019-08-06,book,34,20,680
GF-578-25,Mudo,2019-04-13,book,7,11,77
GX-254-65,Wordpedia,2019-08-17,book,11,26,286
IM-667-63,Skivee,2019-05-14,pen,4,31,124
KL-397-83,Jaloo,2019-07-07,book,15,14,210
JC-516-92,Yamia,2019-05-31,poster,46,24,1104
TR-393-44,Flashset,2019-11-19,pen,3,25,75
DO-262-70,Zoomzone,2019-08-28,pen,13,12,156
JZ-213-27,Tagpad,2019-09-09,shirt,23,11,253
XR-127-04,Jabbersphere,2019-08-23,poster,50,27,1350
AI-528-13,Twitterlist,2019-12-29,pen,43,28,1204
DQ-697-08,Thoughtblab,2019-10-23,poster,40,29,1160
KI-881-50,Twinder,2019-03-11,shirt,38,28,1064
AK-412-06,Skiba,2019-03-30,book,-5,18,-90
AT-800-12,Skimia,2019-06-23,shirt,22,34,748
PV-796-72,Kwimbee,2019-07-24,shirt,23,35,805
VA-449-95,Flashpoint,2019-11-05,shirt,18,34,612
SN-690-15,Snaptags,2019-04-22,poster,30,24,720
LP-821-39,Edgeblab,2019-10-10,pen,25,15,375
IL-464-99,Janyx,2019-10-21,shirt,28,35,980
IH-727-31,Brainsphere,2019-06-06,book,41,32,1312
VB-003-24,Topicware,2019-06-26,shirt,31,16,496
YE-271-40,Edgewire,2019-09-08,book,32,12,384
BG-508-79,Jaxworks,2019-01-10,pen,43,26,1118
XS-214-42,Mycat,2019-01-21,poster,47,14,658
OB-022-63,Zoomdog,2019-03-14,shirt,49,13,637
XA-321-22,Skippad,2019-02-10,poster,10,31,310
EM-583-95,Browsecat,2019-04-19,poster,24,28,672
UV-040-84,Voomm,2019-05-29,poster,35,22,770
JT-315-33,Midel,2019-12-27,poster,38,32,1216
FT-600-72,Devbug,2019-11-05,poster,0,13,0
ND-510-59,Edgetag,2019-12-20,pen,10,35,350
GV-676-06,Quaxo,2019-04-06,book,15,28,420
MO-421-06,Skinix,2019-08-24,poster,47,12,564
IS-242-14,Oyoloo,2019-02-27,pen,15,20,300
XM-957-36,Thoughtsphere,2019-11-22,poster,49,33,1617
PH-872-28,Eamia,2019-10-19,poster,36,26,936
PK-982-61,Jaxnation,2019-02-02,book,16,26,416
KL-407-81,Thoughtsphere,2019-05-18,poster,3,33,99
DQ-514-74,Gabspot,2019-09-29,book,20,14,280
XV-298-94,Blogspan,2019-02-26,poster,11,16,176
OY-162-38,Bubblebox,2019-09-23,shirt,11,13,143
JB-908-28,Camimbo,2019-07-29,book,19,16,304
AU-620-86,Abatz,2019-12-28,book,21,33,693
QT-601-34,Aimbu,2019-09-08,shirt,24,31,744
MW-015-08,Zazio,2019-03-27,poster,40,24,960
AE-167-81,Ailane,2019-07-25,pen,-3,35,-105
SW-903-99,Realbuzz,2019-07-30,poster,6,29,174
QD-798-34,Einti,2019-05-07,pen,9,32,288
CU-527-63,Avaveo,2019-07-23,poster,8,25,200
ZX-865-28,Youfeed,2019-09-07,poster,10,15,150
BQ-382-05,Camido,2019-06-11,pen,28,20,560
NN-450-59,Brainbox,2019-10-13,book,39,28,1092
LA-179-20,Buzzster,2019-01-26,pen,48,21,1008
UG-289-22,Twitterlist,2019-02-01,book,43,23,989
IS-513-36,Aibox,2019-06-26,book,2,15,30
OY-751-92,Yabox,2019-08-19,book,12,15,180
OZ-593-18,Edgetag,2019-11-28,poster,26,22,572
ZV-547-17,Muxo,2019-08-31,pen,11,25,275
AN-246-57,Divape,2019-11-08,poster,13,35,455
PO-086-61,Blogpad,2019-12-07,book,19,10,190
ZC-873-32,Fliptune,2019-02-04,pen,-4,17,-68
IR-495-78,Jaxnation,2019-05-18,pen,43,30,1290
LP-856-41,Youspan,2019-12-25,shirt,27,11,297
ZF-236-57,Tazzy,2019-02-27,pen,24,34,816
NV-622-41,Minyx,2019-11-03,shirt,28,18,504
JY-885-08,Avamba,2019-08-26,shirt,-5,27,-135
XJ-545-62,Brightdog,2019-04-28,poster,11,31,341
SL-393-70,Tavu,2019-02-03,book,9,22,198
FN-680-65,Cogibox,2019-09-15,book,42,20,840
UW-079-66,Dynava,2019-09-10,pen,13,14,182
JO-410-15,Edgeify,2019-09-16,poster,49,31,1519
RW-957-50,Jamia,2019-04-29,book,43,11,473
YT-224-59,Meezzy,2019-09-01,shirt,22,29,638
KD-866-76,Avaveo,2019-03-22,poster,26,13,338
HU-824-94,Rhybox,2019-12-27,book,13,30,390
YH-710-13,LiveZ,2019-07-16,shirt,1,12,12
LX-371-28,Vinder,2019-11-08,shirt,49,31,1519
XO-481-52,Zoomlounge,2019-10-20,shirt,49,20,980
VC-958-45,Devpoint,2019-12-23,shirt,39,35,1365
GN-107-82,Jaloo,2019-12-26,pen,2,14,28
JK-084-13,Minyx,2019-02-03,shirt,15,20,300
IF-251-40,Latz,2019-10-10,pen,31,25,775
SH-443-38,Meetz,2019-07-06,shirt,40,26,1040
CC-865-82,Voonix,2019-03-29,book,16,30,480
GD-197-23,Snaptags,2019-05-24,poster,49,12,588
LP-666-16,Browsebug,2019-08-14,pen,31,29,899
EE-119-16,Edgewire,2019-01-02,pen,5,23,115
KR-744-09,Blognation,2019-01-17,poster,27,30,810
TH-845-10,Photolist,2019-08-10,pen,14,31,434
MI-852-56,Vinte,2019-09-25,pen,35,29,1015
YT-584-05,Jaxnation,2019-08-28,book,4,16,64
UM-090-98,Twinder,2019-05-20,poster,-4,13,-52
SY-949-23,Dynabox,2019-10-24,shirt,-1,18,-18
YW-961-75,Twinder,2019-10-15,shirt,15,32,480
YD-984-06,Tagtune,2019-01-27,book,50,25,1250
VZ-663-02,Feedspan,2019-11-16,shirt,5,18,90
KJ-300-88,Leenti,2019-01-24,book,6,23,138
IV-694-58,Dablist,2019-11-12,poster,16,15,240
QC-760-67,Thoughtstorm,2019-05-12,poster,19,24,456
TZ-518-40,Vimbo,2019-07-25,pen,9,26,234
DG-701-36,Photofeed,2019-12-09,poster,11,22,242
JW-880-84,Skibox,2019-01-04,poster,18,24,432
DN-322-90,Twitterbridge,2019-06-07,poster,-5,34,-170
KS-655-74,Snaptags,2019-02-17,book,-3,28,-84
QP-747-38,Ainyx,2019-11-19,book,9,31,279
JC-390-98,Yakijo,2019-09-19,poster,28,19,532
IW-783-52,Skalith,2019-12-16,pen,12,12,144
XG-277-15,Kimia,2019-03-28,book,2,34,68
LD-291-59,Twitterlist,2019-11-08,pen,42,30,1260
RW-331-31,Eabox,2019-10-03,book,21,14,294
VC-462-21,Skinder,2019-03-28,book,23,20,460
WX-786-28,Oyondu,2019-02-27,pen,21,25,525
MY-616-69,Bluejam,2019-07-17,book,7,34,238
DI-291-39,Pixope,2019-05-15,shirt,12,29,348
MI-742-95,Brightbean,2019-05-02,poster,33,25,825
LN-268-45,Demizz,2019-03-30,shirt,29,30,870
YJ-949-00,Kamba,2019-04-25,poster,19,19,361
CA-625-75,Muxo,2019-12-27,pen,35,19,665
PO-001-83,Yodoo,2019-01-28,book,29,32,928
QD-683-58,Devify,2019-08-02,poster,26,24,624
OE-996-21,Edgeclub,2019-05-23,book,-4,34,-136
BH-107-34,Kazu,2019-02-25,shirt,0,35,0
VQ-173-17,Zoomzone,2019-11-27,pen,10,18,180
JD-827-14,Latz,2019-11-12,shirt,36,16,576
NP-353-71,Oyope,2019-12-15,shirt,2,29,58
SO-229-46,Feedfire,2019-07-05,shirt,28,10,280
XR-627-96,Livefish,2019-05-26,poster,18,13,234
NK-146-12,Yotz,2019-06-01,poster,34,30,1020
BZ-330-21,Dabvine,2019-10-28,pen,48,20,960
BP-404-58,Plambee,2019-07-14,poster,44,29,1276
IK-877-78,Eayo,2019-11-04,book,19,28,532
OJ-368-07,Devcast,2019-11-11,book,36,11,396
VV-488-53,Flashpoint,2019-11-18,poster,41,34,1394
QC-443-41,Feedmix,2019-03-03,shirt,10,18,180
QJ-991-64,Camido,2019-06-24,poster,27,13,351
ZY-479-41,Tagtune,2019-04-07,book,23,21,483
CJ-947-59,Bluezoom,2019-10-12,book,21,27,567
NM-593-42,Zoozzy,2019-04-05,poster,31,20,620
KK-260-29,Trudoo,2019-01-26,shirt,11,32,352
HH-971-72,Twitterwire,2019-06-18,shirt,4,27,108
DV-311-45,Layo,2019-06-22,pen,34,28,952
NS-148-72,Browsetype,2019-03-29,book,40,27,1080
FF-346-50,Jaxspan,2019-05-06,shirt,-2,14,-28
PU-314-56,Npath,2019-11-30,shirt,36,30,1080
ZK-837-96,Kimia,2019-01-08,pen,6,10,60
TG-529-93,Realbridge,2019-06-21,poster,46,33,1518
QJ-992-21,Kayveo,2019-08-11,shirt,41,17,697
JB-283-17,Pixope,2019-04-02,shirt,6,14,84
ZI-949-43,Eare,2019-05-21,shirt,14,26,364
RX-529-31,Riffwire,2019-02-26,pen,38,22,836
HR-284-20,Kayveo,2019-04-26,pen,46,32,1472
FZ-426-99,Vinte,2019-02-04,shirt,31,18,558
RS-914-89,Skyndu,2019-11-13,book,-1,17,-17
KS-250-07,Twitterlist,2019-04-01,book,24,21,504
JQ-959-41,Photobug,2019-11-15,shirt,0,34,0
BO-685-20,Voolith,2019-10-12,shirt,47,26,1222
JE-512-66,Myworks,2019-04-25,poster,43,33,1419
AF-504-51,Tazzy,2019-03-21,shirt,35,19,665
OJ-022-17,Yakijo,2019-11-20,shirt,39,24,936
PA-434-56,Jabberbean,2019-01-26,book,0,30,0
DW-429-65,Leenti,2019-01-27,book,31,17,527
RV-296-70,Gabspot,2019-05-30,pen,48,26,1248
YA-212-66,Vimbo,2019-09-12,book,46,14,644
VU-044-11,Zoomlounge,2019-11-17,shirt,8,31,248
GC-649-13,Gabspot,2019-04-05,shirt,31,32,992
HS-879-34,Mybuzz,2019-02-15,poster,36,30,1080
OQ-663-81,Muxo,2019-11-10,book,1,11,11
PE-017-54,Buzzster,2019-07-14,book,20,21,420
UX-795-43,Dynabox,2019-06-09,shirt,42,12,504
TL-639-19,Eire,2019-11-03,poster,42,14,588
VN-379-76,Snaptags,2019-12-03,poster,18,20,360
VX-936-66,Pixoboo,2019-06-30,poster,11,15,165
KV-520-96,Trilith,2019-12-22,shirt,50,12,600
YM-681-73,Kanoodle,2019-07-24,poster,45,34,1530
ZJ-309-73,Chatterpoint,2019-07-27,shirt,29,28,812
HP-847-10,Einti,2019-03-01,poster,32,19,608
WZ-586-60,Riffpath,2019-01-16,shirt,39,21,819
EO-383-15,Avavee,2019-12-27,poster,26,10,260
RX-590-26,Skivee,2019-09-07,poster,31,12,372
QN-550-33,Wordtune,2019-01-02,book,20,24,480
KA-702-17,Wikizz,2019-03-20,pen,20,19,380
ZW-878-77,Gabvine,2019-10-25,book,43,23,989
MK-272-28,Quaxo,2019-08-11,shirt,12,24,288
LA-636-42,Zoonoodle,2019-03-11,book,17,31,527
MK-704-16,Fivebridge,2019-07-23,shirt,-3,30,-90
CJ-718-50,Devshare,2019-08-16,pen,24,10,240
ZG-225-28,Trilia,2019-10-09,poster,22,19,418
HI-521-74,Yacero,2019-08-09,poster,2,34,68
BD-923-86,Realpoint,2019-05-19,book,26,28,728
TH-815-60,Katz,2019-01-26,book,34,27,918
LY-073-89,Talane,2019-08-01,book,30,19,570
SC-361-46,Oyoloo,2019-12-22,book,38,25,950
OY-984-68,Zooveo,2019-09-17,shirt,13,29,377
LN-055-43,Roombo,2019-04-24,poster,42,31,1302
YU-894-18,Riffwire,2019-04-01,poster,20,33,660
MV-328-35,Wordware,2019-12-23,poster,7,15,105
SR-286-06,Kwilith,2019-01-12,poster,5,31,155
BP-421-81,Gabtype,2019-08-04,poster,30,20,600
UH-927-86,Wikivu,2019-12-13,book,44,20,880
RR-667-92,Fivebridge,2019-02-07,shirt,18,12,216
CR-985-67,Gigazoom,2019-02-11,shirt,37,15,555
EE-501-10,Flipopia,2019-01-27,poster,40,32,1280
NK-884-32,Tazzy,2019-08-15,poster,29,35,1015
MV-702-30,Gabspot,2019-04-05,shirt,9,31,279
FN-627-48,Flashpoint,2019-05-27,book,13,11,143
HC-561-84,Kwilith,2019-10-31,shirt,50,11,550
DL-395-98,Thoughtbeat,2019-09-25,poster,40,16,640
PS-392-57,Yakitri,2019-04-24,book,35,11,385
CO-130-89,Quinu,2019-11-15,shirt,38,14,532
EQ-811-54,Jaxspan,2019-08-29,shirt,40,21,840
LT-626-26,Photolist,2019-06-02,poster,-2,30,-60
PU-548-49,Shuffledrive,2019-08-23,pen,49,26,1274
NX-782-46,Quamba,2019-09-24,poster,26,27,702
ER-021-98,Yotz,2019-06-03,book,50,19,950
NG-167-59,Miboo,2019-04-06,shirt,35,27,945
HQ-681-38,Gabtune,2019-03-18,pen,-1,28,-28
CM-131-53,Realcube,2019-12-28,poster,46,35,1610
KE-778-73,Kanoodle,2019-01-14,pen,35,19,665
UC-575-71,Skyndu,2019-10-01,shirt,30,15,450
VJ-746-84,Topicblab,2019-02-19,pen,12,11,132
JQ-887-49,Twitternation,2019-07-17,book,8,12,96
QW-128-08,Yozio,2019-01-28,book,20,17,340
TZ-788-30,Realcube,2019-03-07,poster,22,31,682
VC-130-54,Skivee,2019-05-19,pen,16,11,176
CZ-713-74,Blogtag,2019-07-07,book,5,26,130
YY-318-95,Einti,2019-08-28,book,2,18,36
MK-934-90,Eazzy,2019-03-14,book,15,13,195
CE-078-17,Photospace,2019-06-22,book,37,25,925
FM-539-17,Jabberbean,2019-03-02,pen,28,16,448
BD-967-62,Zoomlounge,2019-05-28,poster,34,26,884
BD-739-27,Layo,2019-08-28,pen,13,34,442
IV-408-94,Muxo,2019-06-01,shirt,29,26,754
QP-419-78,Eamia,2019-06-10,book,14,31,434
AN-829-67,Shufflester,2019-05-27,poster,10,18,180
CU-654-98,Fivechat,2019-06-06,poster,-1,12,-12
VT-942-66,Thoughtstorm,2019-07-16,book,30,17,510
ZC-675-39,Skinix,2019-11-26,book,22,29,638
OP-218-38,Twitterbeat,2019-09-30,poster,6,20,120
MV-309-95,Skipfire,2019-03-02,poster,20,17,340
MA-619-84,Tekfly,2019-10-12,book,9,11,99
QT-896-91,Eimbee,2019-06-21,poster,-4,33,-132
VW-145-14,Fadeo,2019-06-11,book,48,14,672
IN-831-94,Cogidoo,2019-12-23,book,48,10,480
GB-884-24,Roomm,2019-07-01,book,-5,22,-110
HT-111-26,Rhycero,2019-09-20,pen,24,13,312
GG-214-59,Buzzshare,2019-12-03,book,33,26,858
PN-801-57,Edgeclub,2019-12-03,shirt,50,11,550
UK-926-98,Kamba,2019-02-20,shirt,-3,34,-102
CQ-617-52,Edgeclub,2019-01-20,shirt,44,27,1188
KU-663-38,Npath,2019-10-09,book,6,18,108
TB-576-46,Browsebug,2019-10-02,shirt,41,35,1435
KH-548-62,Dablist,2019-03-23,book,20,20,400
QK-729-37,LiveZ,2019-08-15,book,13,27,351
HT-552-68,Feedfish,2019-11-24,pen,10,11,110
OB-200-43,Twitterbridge,2019-10-17,pen,2,24,48
JP-744-93,Voomm,2019-06-17,poster,49,34,1666
RV-840-94,Layo,2019-01-28,book,40,23,920
PM-972-31,Voomm,2019-03-30,book,36,17,612
DV-319-12,Wordpedia,2019-06-20,pen,19,11,209
NK-847-00,Browsezoom,2019-12-17,poster,31,35,1085
OC-833-95,Kwideo,2019-06-30,pen,-2,18,-36
PQ-556-04,Layo,2019-12-20,book,16,18,288
DR-809-43,Skipstorm,2019-08-11,pen,39,35,1365
LU-384-08,Linkbuzz,2019-01-15,shirt,35,35,1225
LF-675-19,Katz,2019-04-11,pen,14,29,406
RC-929-77,Snaptags,2019-04-19,book,48,26,1248
VB-158-03,Trudoo,2019-03-20,poster,38,18,684
TS-545-06,Blogtags,2019-11-15,shirt,49,27,1323
TK-279-78,Thoughtstorm,2019-10-27,poster,10,12,120
YQ-074-42,Kwinu,2019-05-05,shirt,34,10,340
UC-559-33,Browsecat,2019-10-01,shirt,45,18,810
WY-249-22,DabZ,2019-09-06,book,12,28,336
CA-989-93,Rhyloo,2019-05-07,poster,44,22,968
FS-420-83,Skippad,2019-09-10,book,2,12,24
BO-817-69,Abatz,2019-06-29,book,47,30,1410
FP-671-42,Topicstorm,2019-08-26,book,20,29,580
LQ-385-11,Voonte,2019-10-13,poster,24,32,768
EU-176-78,Demizz,2019-12-29,pen,35,14,490
XR-940-75,Podcat,2019-06-07,poster,-1,24,-24
CU-172-29,Linktype,2019-05-04,pen,38,29,1102
CU-549-78,Trilith,2019-04-13,poster,49,31,1519
QU-986-45,Viva,2019-06-09,book,6,35,210
MR-661-56,Browseblab,2019-12-18,poster,15,21,315
DM-163-07,Lazz,2019-08-21,shirt,42,19,798
OJ-881-95,Leexo,2019-11-10,poster,2,31,62
DK-086-32,Shuffletag,2019-04-07,shirt,11,24,264
EB-269-80,BlogXS,2019-07-16,shirt,37,28,1036
YU-269-09,Gevee,2019-04-25,pen,3,19,57
CE-336-59,Trudeo,2019-06-21,shirt,48,12,576
MI-905-57,Brightbean,2019-07-29,pen,39,32,1248
HI-242-47,Devify,2019-11-25,poster,3,35,105
DV-633-07,Zoonder,2019-01-13,shirt,15,18,270
LE-544-73,Thoughtsphere,2019-05-11,shirt,2,25,50
VU-513-65,Blognation,2019-11-17,poster,5,28,140
UP-703-69,Latz,2019-01-29,shirt,38,30,1140
YC-981-70,Fivebridge,2019-02-05,poster,15,29,435
XU-468-11,Skivee,2019-05-05,book,27,32,864
KR-407-14,Plajo,2019-01-19,book,33,31,1023
BB-757-19,Jabberstorm,2019-06-26,poster,15,12,180
PM-343-78,Fanoodle,2019-02-07,shirt,41,15,615
DC-316-98,Skipstorm,2019-11-21,shirt,-2,11,-22
VY-314-44,Pixonyx,2019-02-11,shirt,31,32,992
DX-894-01,Topicblab,2019-02-28,pen,17,23,391
DX-477-47,Dablist,2019-11-19,poster,-4,25,-100
UM-466-13,Zoozzy,2019-10-26,poster,0,26,0
BC-886-15,Quatz,2019-05-05,poster,0,20,0
UT-249-23,Realpoint,2019-06-12,book,45,33,1485
YX-904-59,Chatterpoint,2019-10-02,poster,15,22,330
NR-723-33,Kwideo,2019-07-20,shirt,10,15,150
CN-335-54,Meemm,2019-12-08,shirt,33,19,627
ZN-614-63,Skyba,2019-07-30,poster,41,21,861
FD-780-10,Oyoloo,2019-07-12,shirt,19,11,209
BU-537-37,Meejo,2019-08-03,shirt,10,28,280
MI-712-23,Wordpedia,2019-07-24,shirt,-4,31,-124
DD-941-83,Youbridge,2019-01-19,shirt,6,10,60
JH-678-08,Skipfire,2019-05-29,shirt,42,29,1218
NY-130-19,Oodoo,2019-05-10,poster,49,23,1127
AC-761-69,Quaxo,2019-08-07,shirt,36,20,720
OF-253-96,Flashset,2019-06-01,shirt,6,18,108
ZG-323-34,Wikizz,2019-10-08,poster,29,33,957
XF-050-87,Gigazoom,2019-01-17,shirt,6,13,78
MM-003-18,Agivu,2019-09-08,shirt,20,35,700
ZX-013-69,Flashpoint,2019-11-27,shirt,-5,25,-125
PX-701-35,Babbleblab,2019-09-26,book,17,34,578
UY-157-69,Oyoloo,2019-08-07,book,32,12,384
ZJ-904-64,Camido,2019-07-28,book,18,20,360
UK-253-68,Leenti,2019-11-02,book,18,22,396
KP-972-58,Twinder,2019-01-22,poster,-5,20,-100
IF-159-54,Quatz,2019-04-02,pen,38,13,494
OD-151-54,Flashdog,2019-01-25,shirt,47,31,1457
NM-378-75,Riffwire,2019-06-24,pen,48,26,1248
HZ-834-85,Avamm,2019-12-12,shirt,10,13,130
QJ-065-57,Oozz,2019-08-19,poster,27,21,567
OZ-115-19,Skibox,2019-02-01,poster,9,28,252
HK-204-65,Mita,2019-10-14,poster,8,15,120
BS-221-65,Eamia,2019-12-23,book,20,15,300
OO-290-88,Bubbletube,2019-01-21,shirt,49,16,784
VZ-616-41,Eabox,2019-03-26,poster,6,17,102
IB-547-85,Brightdog,2019-05-20,pen,32,19,608
MA-213-10,Flipopia,2019-02-18,poster,3,18,54
GF-172-18,Realcube,2019-09-07,poster,42,34,1428
BI-991-46,LiveZ,2019-05-20,pen,20,15,300
CV-184-02,Kazio,2019-06-08,poster,17,11,187
HB-012-67,Trilia,2019-08-12,poster,40,19,760
TR-803-65,Voolia,2019-03-30,shirt,-5,34,-170
BP-211-79,Avaveo,2019-09-08,shirt,18,11,198
JN-842-77,Devcast,2019-05-01,poster,35,15,525
XE-078-54,Skinte,2019-02-10,poster,4,31,124
AZ-127-05,Dynazzy,2019-05-05,poster,-5,25,-125
LB-227-83,Shuffledrive,2019-04-20,poster,5,13,65
LV-479-92,Yambee,2019-08-12,shirt,44,12,528
AX-903-91,Skipstorm,2019-09-24,shirt,4,16,64
CS-088-03,Gigaclub,2019-07-06,pen,-5,22,-110
SZ-683-50,Plambee,2019-05-02,pen,21,27,567
OF-865-77,Latz,2019-03-03,book,21,19,399
KT-450-53,Topiczoom,2019-10-18,pen,47,28,1316
RI-686-15,Riffwire,2019-11-23,pen,11,21,231
GG-560-32,Brightbean,2019-09-22,poster,21,23,483
IW-023-97,Kaymbo,2019-01-17,poster,45,31,1395
JA-947-61,Ailane,2019-04-26,book,25,16,400
XI-215-46,Youspan,2019-01-05,pen,14,13,182
AG-343-87,Photolist,2019-03-29,book,21,11,231
UM-401-08,Brainverse,2019-07-13,book,8,14,112
LL-955-19,Dabjam,2019-08-01,shirt,47,21,987
RC-515-95,Realblab,2019-03-01,shirt,26,32,832
PZ-288-71,Aimbu,2019-05-30,pen,19,32,608
IO-056-62,Yambee,2019-11-09,book,42,18,756
AH-615-09,Tagfeed,2019-08-15,pen,28,25,700
HB-566-64,Twinder,2019-08-28,shirt,14,32,448
QC-046-85,Riffpedia,2019-03-01,shirt,9,22,198
TT-578-73,Blogspan,2019-12-23,book,14,25,350
VY-434-82,Oyondu,2019-11-24,book,8,27,216
HH-333-10,Zooveo,2019-09-30,poster,21,29,609
JO-211-08,Photobean,2019-01-27,book,28,25,700
MO-487-04,Trunyx,2019-03-26,pen,0,14,0
JJ-097-64,Blognation,2019-06-01,shirt,50,17,850
SN-550-59,Kimia,2019-10-19,shirt,19,12,228
VK-248-76,Divape,2019-06-23,book,18,11,198
FC-667-83,Yakitri,2019-07-04,poster,-2,10,-20
GE-294-80,Yadel,2019-02-09,poster,18,31,558
JU-437-05,Tekfly,2019-10-19,shirt,-1,34,-34
PS-970-82,Gigabox,2019-11-16,book,19,28,532
XI-383-40,Meevee,2019-08-28,shirt,34,24,816
VJ-180-86,Avamm,2019-04-27,poster,31,10,310
EU-794-45,Voonte,2019-01-05,book,25,18,450
MM-548-99,Quinu,2019-08-06,book,42,21,882
KV-517-84,Quinu,2019-10-14,pen,50,22,1100
PO-764-90,Wikibox,2019-06-11,poster,5,14,70
PA-670-17,Yacero,2019-12-22,poster,47,15,705
OY-254-65,Avamm,2019-06-18,pen,49,34,1666
JA-013-44,Tagcat,2019-05-09,shirt,-1,30,-30
MB-215-92,Gabtype,2019-08-12,pen,45,29,1305
IV-747-53,Buzzster,2019-06-21,pen,45,30,1350
FB-589-54,Voonte,2019-05-12,poster,30,18,540
CD-734-47,Yacero,2019-10-22,book,6,12,72
XI-319-80,Tanoodle,2019-12-05,pen,34,26,884
JV-652-13,Gigabox,2019-03-15,book,46,19,874
SU-521-20,Skyndu,2019-06-14,book,28,11,308
DE-784-26,Ooba,2019-01-28,shirt,50,29,1450
HT-958-75,Flipstorm,2019-06-30,book,10,14,140
GY-842-42,Jayo,2019-10-13,pen,12,32,384
WP-716-60,Jaxspan,2019-04-17,book,2,32,64
UM-994-39,Twinder,2019-07-12,pen,31,23,713
GE-718-44,Oyoba,2019-11-18,pen,24,31,744
CH-181-86,Rhyloo,2019-12-25,poster,0,17,0
NN-493-65,Eazzy,2019-10-25,poster,33,12,396
IX-166-54,Topicstorm,2019-07-27,poster,45,30,1350
HJ-273-07,Vimbo,2019-07-17,book,16,20,320
NS-354-39,Mita,2019-06-14,shirt,23,20,460
AU-974-87,Devpoint,2019-06-18,shirt,10,35,350
EI-269-20,Eare,2019-06-09,poster,2,35,70
GD-205-22,Livetube,2019-05-12,pen,40,20,800
QS-567-37,Eimbee,2019-12-09,poster,50,19,950
KT-815-35,Riffpath,2019-10-19,shirt,-5,31,-155
AN-311-95,Dynazzy,2019-07-26,poster,11,27,297
RR-540-59,Bubblemix,2019-01-17,poster,27,11,297
RF-796-61,Viva,2019-02-19,poster,46,16,736
VE-263-99,Demizz,2019-06-07,poster,30,17,510
HR-450-63,Blognation,2019-12-11,pen,17,29,493
DU-500-73,Tagfeed,2019-08-26,book,-3,16,-48
ZO-192-52,Dabfeed,2019-01-05,shirt,30,10,300
OF-125-28,Skimia,2019-09-15,pen,1,28,28
HB-316-64,Vinder,2019-11-25,book,0,25,0
ED-216-90,Livetube,2019-03-12,poster,41,12,492
RJ-306-41,Dazzlesphere,2019-08-13,book,17,35,595
VP-361-95,Zoonder,2019-04-27,pen,30,23,690
IB-590-88,Yodo,2019-04-18,pen,-3,29,-87
RR-689-53,Agivu,2019-04-10,book,11,35,385
UX-797-16,Gevee,2019-02-12,pen,34,20,680
IJ-955-95,Tazz,2019-06-24,book,13,18,234
HB-942-56,Aimbo,2019-02-16,shirt,-5,33,-165
MG-467-51,Meezzy,2019-11-20,pen,29,25,725
BT-459-14,Skiba,2019-07-13,shirt,50,18,900
MG-568-34,Buzzster,2019-10-07,poster,27,20,540
UY-713-58,Bubblemix,2019-08-15,pen,31,11,341
YH-601-38,Feedfish,2019-02-17,book,46,20,920
OI-256-81,Ozu,2019-05-23,shirt,50,16,800
RA-709-07,Shufflester,2019-01-19,pen,-5,25,-125
IT-856-90,Buzzshare,2019-09-25,book,1,28,28
YQ-399-76,Meevee,2019-05-20,book,27,13,351
HV-882-80,Roombo,2019-02-04,shirt,19,19,361
KD-799-66,Dynabox,2019-07-20,pen,-2,12,-24
SF-047-26,Kazu,2019-05-28,shirt,10,14,140
ZM-739-64,Vipe,2019-11-08,poster,27,32,864
QO-807-28,Dabfeed,2019-04-28,shirt,35,31,1085
KV-669-89,Jetwire,2019-12-12,shirt,48,30,1440
VV-846-14,Bluezoom,2019-08-10,pen,23,26,598
AR-980-02,Gigabox,2019-03-08,book,10,32,320
GW-556-28,Buzzdog,2019-09-03,poster,31,21,651
UV-069-51,Wikizz,2019-03-07,poster,38,24,912
UK-412-71,Zazio,2019-04-04,shirt,6,35,210
VU-567-90,Skyble,2019-02-04,poster,41,15,615
NK-145-92,Browsetype,2019-05-19,shirt,48,13,624
FT-288-28,Latz,2019-12-19,book,6,11,66
VE-764-81,Chatterpoint,2019-08-24,poster,15,29,435
LT-464-61,Topdrive,2019-03-21,pen,18,13,234
EC-416-89,Riffwire,2019-11-04,shirt,23,18,414
HH-086-60,Trudoo,2019-04-02,pen,30,33,990
NB-961-77,Myworks,2019-01-15,poster,27,35,945
PC-425-72,Dabfeed,2019-02-08,book,28,26,728
TR-294-92,Kwimbee,2019-07-23,book,42,26,1092
DG-483-39,Wordpedia,2019-10-14,shirt,45,24,1080
DY-384-76,Feedfire,2019-07-02,poster,38,29,1102
HJ-105-82,Wikivu,2019-05-09,poster,23,29,667
WN-942-99,Eire,2019-03-18,book,14,17,238
GJ-424-54,Zava,2019-10-08,shirt,48,33,1584
XN-322-01,Abatz,2019-04-16,pen,7,20,140
WM-716-70,Jabbercube,2019-11-12,poster,22,17,374
IZ-475-87,Twimbo,2019-08-07,poster,49,11,539
PJ-456-09,Yakitri,2019-04-06,book,41,13,533
EA-957-50,Youtags,2019-07-26,poster,-4,31,-124
XR-652-94,Twitterlist,2019-03-23,book,35,24,840
KI-307-78,Riffwire,2019-12-07,shirt,-1,27,-27
GY-837-39,Rhybox,2019-11-21,shirt,10,35,350
LC-671-82,Demivee,2019-07-10,pen,-5,22,-110
IQ-354-66,Mita,2019-07-16,shirt,14,17,238
GD-294-80,Fivebridge,2019-01-08,poster,20,21,420
GJ-382-32,Jayo,2019-02-22,poster,8,35,280
HK-544-15,Devcast,2019-10-05,book,22,31,682
RP-313-33,Vipe,2019-10-11,shirt,8,29,232
FV-368-34,Oyope,2019-03-24,poster,4,28,112
ZI-050-00,Divape,2019-04-10,book,48,24,1152
KN-294-21,Roombo,2019-10-10,book,41,34,1394
QS-698-18,Trilith,2019-04-23,pen,47,23,1081
CB-260-83,Livepath,2019-11-11,book,20,27,540
EH-663-10,Npath,2019-10-12,poster,27,10,270
CD-157-05,Fivebridge,2019-02-19,poster,5,24,120
RA-598-12,Skaboo,2019-12-09,shirt,49,25,1225
TY-900-77,Photobug,2019-02-12,poster,2,31,62
HH-560-14,Gabspot,2019-02-08,book,11,29,319
WF-006-66,Youbridge,2019-12-20,poster,50,34,1700
VU-376-36,Kazu,2019-09-29,poster,37,24,888
XW-133-09,Blogtag,2019-12-20,book,41,23,943
GQ-512-19,Skiptube,2019-08-05,poster,4,25,100
TJ-177-23,Twitterworks,2019-02-25,pen,43,26,1118
CN-490-79,Eire,2019-10-18,poster,15,22,330
AO-950-98,Mudo,2019-06-09,book,4,27,108
KV-131-19,Gigaclub,2019-07-14,poster,19,25,475
GE-179-44,Ntags,2019-03-23,shirt,46,28,1288
NN-620-05,Zoozzy,2019-09-20,shirt,23,19,437
VD-811-38,Vimbo,2019-06-26,pen,30,32,960
JH-924-45,Quimm,2019-01-27,poster,1,27,27
WZ-048-06,Bubbletube,2019-09-16,book,44,27,1188
PP-066-41,Meeveo,2019-09-14,book,50,17,850
AM-009-79,Gabtype,2019-03-13,poster,0,10,0
ZO-496-15,Browsecat,2019-05-16,poster,31,24,744
EC-680-11,Thoughtbridge,2019-09-14,book,23,11,253
CJ-981-24,Skyba,2019-11-01,book,28,23,644
CO-837-17,Dabshots,2019-11-19,book,50,24,1200
BK-651-58,Skinix,2019-12-10,pen,17,28,476
HN-252-84,Trudeo,2019-06-02,poster,34,25,850
QT-513-77,Meevee,2019-04-02,poster,25,23,575
XI-254-89,Topiclounge,2019-11-06,poster,35,29,1015
JJ-847-98,Topicblab,2019-06-14,poster,49,22,1078
ZK-229-08,Brainlounge,2019-06-28,poster,4,16,64
LJ-950-24,Aivee,2019-02-07,shirt,-2,27,-54
VM-750-19,Voonder,2019-02-22,shirt,9,17,153
TS-309-01,Riffpedia,2019-09-01,shirt,-2,16,-32
UC-253-11,Yambee,2019-03-26,pen,20,28,560
FB-166-29,Oodoo,2019-10-04,pen,45,29,1305
EH-103-70,Eayo,2019-04-08,book,7,30,210
VD-182-49,Thoughtblab,2019-10-04,book,18,29,522
MN-346-58,Tagtune,2019-04-03,poster,-4,22,-88
YW-362-87,Linkbuzz,2019-12-11,book,45,17,765
YK-959-82,Realcube,2019-12-24,shirt,6,27,162
IE-715-10,Brainverse,2019-02-17,shirt,-4,32,-128
PD-295-90,Meevee,2019-02-26,book,22,13,286
HY-069-99,Oba,2019-12-12,poster,18,25,450
TF-930-61,Jabberstorm,2019-07-29,shirt,-2,20,-40
CQ-437-84,Zoombox,2019-10-04,poster,38,30,1140
MQ-632-90,Flashset,2019-04-28,shirt,29,30,870
SK-097-23,Tazzy,2019-07-27,shirt,24,18,432
WO-091-32,Eire,2019-12-05,shirt,15,20,300
SS-003-62,Quire,2019-09-25,poster,39,35,1365
OX-058-59,Jabbersphere,2019-11-26,pen,13,29,377
QF-429-70,Zoovu,2019-03-13,shirt,-2,28,-56
CZ-816-49,Skimia,2019-09-19,shirt,45,32,1440
PH-394-69,Skyndu,2019-07-11,shirt,30,13,390
PZ-354-19,Centizu,2019-04-19,pen,0,27,0
KQ-125-48,Blogtags,2019-01-07,book,32,32,1024
BN-615-15,Ainyx,2019-08-19,book,49,13,637
OO-615-56,Pixonyx,2019-11-20,shirt,6,29,174
FO-483-27,Cogibox,2019-12-10,poster,25,15,375
UZ-411-71,Zoovu,2019-03-29,book,15,11,165
OG-890-50,Linktype,2019-06-23,shirt,8,24,192
CW-890-47,Kayveo,2019-05-13,pen,25,15,375
WP-095-77,Mydeo,2019-06-04,pen,23,34,782
HX-148-59,Bluezoom,2019-07-23,shirt,23,11,253
BA-691-71,Roombo,2019-09-22,shirt,-1,17,-17
NC-109-95,Topicshots,2019-05-28,shirt,46,17,782
JD-416-18,Yadel,2019-05-02,pen,-2,25,-50
RB-518-51,Shufflester,2019-05-19,shirt,6,11,66
FW-282-38,Youbridge,2019-01-27,pen,49,18,882
KQ-220-70,Kaymbo,2019-01-10,book,19,10,190
JF-350-29,Voonyx,2019-06-13,book,14,24,336
EH-047-08,Voonyx,2019-11-16,pen,38,13,494
NB-919-33,Roomm,2019-09-23,pen,-1,33,-33
HN-685-51,Dabfeed,2019-03-25,poster,0,13,0
II-917-90,Meedoo,2019-01-24,shirt,26,12,312
AP-171-24,Skiptube,2019-06-20,pen,34,21,714
ZS-595-22,Reallinks,2019-06-24,pen,2,16,32
DX-716-83,Aimbo,2019-12-17,pen,38,15,570
CX-078-12,Jamia,2019-11-06,shirt,-3,15,-45
ZA-065-00,Realcube,2019-08-16,shirt,35,12,420
WW-572-56,Fadeo,2019-08-05,book,16,28,448
BK-151-41,Yodel,2019-02-17,pen,14,28,392
FU-587-89,Omba,2019-09-05,book,9,17,153
DN-141-99,Rhycero,2019-07-12,poster,49,21,1029
XO-354-67,Avamba,2019-03-02,poster,22,27,594
IP-305-32,Skyndu,2019-03-18,poster,20,18,360
ON-247-90,Photobug,2019-09-29,shirt,40,31,1240
ZM-628-88,Viva,2019-09-11,pen,-5,34,-170
DQ-810-46,Viva,2019-09-05,pen,17,32,544
RA-147-40,Dabfeed,2019-03-24,poster,17,34,578
VT-754-54,Photobean,2019-12-30,shirt,15,18,270
LS-463-74,Mybuzz,2019-11-12,shirt,24,34,816